3D_Dollhouse_Sink,"a sink toy in dollhouse"
3D_Dollhouse_Sofa,"a sofa toy in dollhouse"
3D_Dollhouse_Swing,"a swing toy in dollhouse"
3D_Dollhouse_TablePurple,"a purple table toy in dollhouse"
adiZero_Slide_2_SC,"a slide in white and yellow color"
adistar_boost_m,"gray sneaker with green bottom"
ASICS_GELLinksmaster_WhiteRasberryGunmetal,"sneaker in white and black color"
Android_Lego,"Android 3D lego"
Circo_Fish_Toothbrush_Holder_14995988,"a green and yellow turtle toy with a ground"
Crosley_Alarm_Clock_Vintage_Metal,"vintag ealarm clock"
DOLL_FAMILY,"doll family"
DPC_Handmade_Hat_Brown,""
Dino_3,"dinosaur toy"
Dino_4,"dinosaur toy"
Dino_5,"dinosaur toy"
Down_To_Earth_Orchid_Pot_Ceramic_Lime,"ceramic lime orchid pot"
Great_Dinos_Triceratops_Toy,"Android mini figure"
Mens_Santa_Cruz_Thong_in_Chocolate_lvxYW7lek6B,"thong sandals"
Mens_Striper_Sneaker_in_White_rnp8HUli59Y,""
My_First_Wiggle_Crocodile,"wiggle crocodile toy"
My_Little_Pony_Princess_Celestia,"pony princess celestia toy"
Nickelodeon_Teenage_Mutant_Ninja_Turtles_Leonardo,"teenage mutant ninja turtles Leonardo"
Nickelodeon_Teenage_Mutant_Ninja_Turtles_Michelangelo,"teenage mutant ninja turtles Michelangelo"
Nickelodeon_Teenage_Mutant_Ninja_Turtles_Raphael,"teenage mutant ninja turtles Raphael"
Nintendo_Mario_Action_Figure,"Nintendo Mario action figure"
Nintendo_Yoshi_Action_Figure,"Nintendo Yoshi action figure"
Olive_Kids_Game_On_Pack_n_Snack,"kids backpack"
Olive_Kids_Trains_Planes_Trucks_Bogo_Backpack,"kids backpack"
Ortho_Forward_Facing,"lion toy"
Ortho_Forward_Facing_3Q6J2oKJD92,"hippo toy"
Ortho_Forward_Facing_QCaor9ImJ2G,"koala toy"
Pepsi_Caffeine_Free_Diet_12_CT,"a pepsi box"
Pepsi_Cola_Wild_Cherry_Diet_12_12_fl_oz_355_ml_cans_144_fl_oz_426_lt,"pepsi red and white box"
Poppin_File_Sorter_Blue,"file sorter blue"
Predito_LZ_TRX_FG_W,"a white soccer shoe with pink and blue stripes"
RJ_Rabbit_Easter_Basket_Blue,"a basket with flowers on it is shown"
Racoon,"a stuffed animal raccoon sitting"
Razer_Kraken_Pro_headset_Full_size_Black,"razer kraken surround sound gaming headset"
Razer_Taipan_Black_Ambidextrous_Gaming_Mouse,"a black computer mouse"
Razer_Taipan_White_Ambidextrous_Gaming_Mouse,"a white computer mouse"
Reebok_ALLYLYNN,"a blue high top sneaker with yellow accents"
Reebok_CL_RAYEN,"a sneaker crossfit nano blue"
Reebok_FS_HI_INT_R12,"a white and red high top sneaker with a red sole"
Reebok_SMOOTHFLEX_CUSHRUN_20,"a running shoe with a blue and green design"
Reebok_TURBO_RC,"a running shoe of grey and yellow color"
Reebok_ZIGSTORM,"a blue and yellow sandal with a strap"
Retail_Leadership_Summit,"a hat on a ground with a white band"
Room_Essentials_Kitchen_Towels_16_x_26_2_count,"two folded blankets on a ground"
Rubbermaid_Large_Drainer,"a black rack with several baskets on it"
SAMOA,"adidas originals nike sb trainers"
SORTING_TRAIN,"a toy train with a man on it"
STACKING_BEAR,"a toy bear with a rainbow colored stack of toys"
Schleich_African_Black_Rhino,"a rhino standing"
Schleich_Allosaurus,"a small dinosaur is walking on a ground"
Schleich_Bald_Eagle,"a bald eagle is flying in the air"
Schleich_S_Bayala_Unicorn_70432,"a white horse with green flowers on its back"
Schleich_Spinosaurus_Action_Figure,"a small dinosaur toy"
Schleich_Therizinosaurus_ln9cruulPqc,"a dinosaur toy with its head up and its legs spread out"
Shark,"a stuffed shark toy on the ground"
Smith_Hawken_Woven_BasketTray_Organizer_with_3_Compartments_95_x_9_x_13,"a wicker basket with four compartments on a ground"
Sonny_School_Bus,"a toy truck with a driver"
Sootheze_Cold_Therapy_Elephant,"a stuffed elephant toy sitting on the ground"
Sootheze_Toasty_Orca,"a stuffed killer whale toy on the ground"
Sperry_TopSider_pSUFPWQXPp3,"a brown ankle boot with a zipper on the side"
SpiderMan_Titan_Hero_12Inch_Action_Figure_5Hnn4mtkFsP,"a toy spiderman standing on the ground"
SpiderMan_Titan_Hero_12Inch_Action_Figure_oo1qph4wwiW,"a toy spider man standing on the ground"
Squirrel,"a stuffed squirrel toy sitting on its hind legs"
Squirt_Strain_Fruit_Basket,"a green basket with fruit in it"
Target_Basket_Medium,"a white basket with a white cover on it"
Thomas_Friends_Wooden_Railway_Porter_5JzRhMm3a9o,"thomas the tank engine"
Thomas_Friends_Wooden_Railway_Talking_Thomas_z7yi7UFHJRj,"thomas the tank engine wooden train"
Threshold_Basket_Natural_Finish_Fabric_Liner_Small,"a wicker basket with a white lid"
Timberland_Mens_Earthkeepers_Newmarket_6Inch_Cupsole_Boot,"a red high top shoe with laces on the side"
Timberland_Mens_Earthkeepers_Stormbuck_Lite_Plain_Toe_Oxford,"a tan shoe on the ground"
Toysmith_Windem_Up_Flippin_Animals_Dog,"a toy dog with a tongue sticking out on a ground"
Transformers_Age_of_Extinction_Mega_1Step_Bumblebee_Figure,"transformers bumblebee"
Transformers_Age_of_Extinction_Stomp_and_Chomp_Grimlock_Figure,"transformers robot dinosaur"
TriStar_Products_PPC_Power_Pressure_Cooker_XL_in_Black,"a large stainless steel pressure cooker on a ground"
UGG_Classic_Tall_Womens_Boots_Chestnut_7,"a tan boot on the ground"
UGG_Jena_Womens_Java_7,"a brown boot shoe on the ground"
US_Army_Stash_Lunch_Bag,"a military style lunch bag with a badge on it"
Vtech_Roll_Learn_Turtle,"a toy turtle with a green shell and colorful toys"
Vtech_Stack_Sing_Rings_636_Months,"a stack of colorful toys on the ground"
Weisshai_Great_White_Shark,"a shark swimming in the dark with no light"
Whey_Protein_3_Flavor_Variety_Pack_12_Packets,"whey protein powder in a box"
Whey_Protein_Vanilla,"a jar of whey protein on the ground"
Wishbone_Pencil_Case,"a purple and white pencil case"
Womens_Betty_Chukka_Boot_in_Navy_aEE8OqvMII4,"a blue sneaker shoe on the ground"
Womens_Betty_Chukka_Boot_in_Salt_Washed_Red_AL2YrOt9CRy,"a pink shoe with gold laces on it"
Womens_Bluefish_2Eye_Boat_Shoe_in_Linen_Natural_Sparkle_Suede_kqi81aojcOR,"a white boat shoe on the ground"
Womens_Bluefish_2Eye_Boat_Shoe_in_White_Tumbled_YG44xIePRHw,"a white boat shoe on the ground"
Womens_Canvas_Bahama_in_White_4UyOhP6rYGO,"a white boat shoe on the ground"
Womens_Cloud_Logo_Authentic_Original_Boat_Shoe_in_Black_Supersoft_8LigQYwf4gr,"a black boat shoe with white soles"
Womens_Hikerfish_Boot_in_Black_Leopard_bVSNY1Le1sm,"a black boot shoe with leopard print on the side"
Womens_Sequin_Bahama_in_White_Sequin_V9K1hf24Oxe,"a white boat shoe on the ground"
Womens_Sequin_Bahama_in_White_Sequin_yGVsSA4tOwJ,"a white boat shoe with laces on the side"
Womens_Sparkle_Suede_Bahama_in_Silver_Sparkle_Suede_Grey_Patent_tYrIBLMhSTN,"a white shoe on the ground"
Womens_Teva_Capistrano_Bootie_ldjRT9yZ5Ht,"a grey boot shoe on a ground"
ZX700_lYiwcTIekXk,"adidas shoe white green"
ZX700_mzGbdP3u6JB,"adidas shoe black orange"
